{
  "image_info": {
    "filename": "IMG_5991.jpg",
    "width_px": 3024,
    "height_px": 4032,
    "total_stars": 13733
  },
  "nearest_neighbor": {
    "mean": 12.564186673782466,
    "std": 8.517642162491875,
    "median": 9.055385138137417
  },
  "fractal_dimension": 1.6723916684605957,
  "two_point_correlation": {
    "r_centers": [
      28.88095238095238,
      76.64285714285714,
      124.4047619047619,
      172.16666666666666,
      219.92857142857142,
      267.69047619047615,
      315.45238095238096,
      363.21428571428567,
      410.9761904761905,
      458.7380952380952,
      506.49999999999994,
      554.2619047619047,
      602.0238095238095,
      649.7857142857142,
      697.547619047619,
      745.3095238095237,
      793.0714285714286,
      840.8333333333333,
      888.5952380952381,
      936.3571428571428,
      984.1190476190476
    ],
    "xi_values": [
      0.47287173666254856,
      0.4393714535136237,
      0.4532970087845294,
      0.4711566136260239,
      0.4442631510246233,
      0.480064981551807,
      0.4802558332345972,
      0.477987289907152,
      0.48535864263786443,
      0.46882669757292295,
      0.4732248171738387,
      0.4726899383983356,
      0.47492163009402333,
      0.46910970166782184,
      0.47062563105342003,
      0.4677907530981711,
      0.46231713315106915,
      0.42840146264256473,
      0.41419058456609115,
      0.41172548215017013,
      0.3823359553918013
    ],
    "xi_mean": 0.4571803094239524,
    "xi_max": 0.48535864263786443,
    "clustering_scale": 410.9761904761905
  }
}