{
  "FWHM_px": 302.4,
  "half_width_px": 151.2,
  "band_pixel_count": 1408527,
  "bg_pixel_count": 9389467,
  "band_mean": 0.23261343745052798,
  "bg_mean": 0.16906175370579357,
  "band_median": 0.21925392428066018,
  "bg_median": 0.15249815209418624,
  "NID_like": -0.4377480728110338,
  "axis_angle_deg": -120.04415475122664,
  "center_xy": [
    1443.710624044273,
    2110.5995485327317
  ],
  "axis_ratio_q": 0.7654231862831123
}