{
  "D_dark_mask": 1.9861229858551828,
  "D_dark_skeleton": 1.873135524419636,
  "area_fraction": 0.006454970334256994,
  "threshold_params": {
    "method": "sauvola",
    "window": 61,
    "k": 0.2
  },
  "highpass_sigma": 50
}