{
  "fractal_dimension_dark_mask": 1.986122985855182,
  "fractal_dimension_skeleton": 1.9346002484830838,
  "dark_area_fraction": 0.9902396240131855,
  "num_dark_components": 1,
  "largest_component_area_px": 12073762,
  "threshold_method": "sauvola",
  "threshold_params": {
    "window_size": 51,
    "k": 0.2
  },
  "highpass_sigma_px": 50,
  "image_size": {
    "width": 3024,
    "height": 4032
  },
  "fractal_dimension_stars": 1.6723916684578197,
  "bulge_center_px": [
    1443.710624044273,
    2110.5995485327317
  ],
  "bulge_principal_axis_deg": -120.04415475122664,
  "bulge_axis_ratio": 0.7654231862831123
}