{
  "detection_method": "multi_scale_watershed",
  "fractal_dimension_dark_mask": 1.986122985855182,
  "fractal_dimension_skeleton": 1.9346002484830838,
  "dark_area_fraction_original": 0.9674037921495758,
  "dark_area_fraction_improved": 0.9967793203315277,
  "num_dark_components_original": 1,
  "num_dark_components_improved": 50,
  "component_areas_improved": [
    539294.0,
    50.0,
    50.0,
    50.0,
    50.0,
    50.0,
    9369.0,
    27950.0,
    62442.0,
    319.0,
    28740.0,
    1278.0,
    50.0,
    50.0,
    50.0,
    50.0,
    104.0,
    10398.0,
    3803.0,
    6.0,
    50.0,
    50.0,
    204.0,
    6269.0,
    50.0,
    6.0,
    50.0,
    100.0,
    135541.0,
    335.0,
    9348.0,
    8719.0,
    50.0,
    50.0,
    6.0,
    2233075.0,
    11173.0,
    50.0,
    102.0,
    113413.0,
    202.0,
    50.0,
    170.0,
    113.0,
    307009.0,
    74506.0,
    16060.0,
    492727.0,
    98672.0,
    7961196.0
  ],
  "mean_eccentricity": 0.9263142791931267,
  "mean_elongation": 2.63853568340113,
  "watershed_seeds": 50,
  "image_size": {
    "width": 3024,
    "height": 4032
  }
}