{
  "FWHM_px": 483.84000000000003,
  "half_width_px": 241.92000000000002,
  "band_pixel_count": 2250912,
  "bg_pixel_count": 7789947,
  "axis_angle_deg": -120.04415475122664,
  "center_xy": [
    1443.710624044273,
    2110.5995485327317
  ],
  "axis_ratio_q": 0.7654231862831123
}