{
  "geometry": {
    "principal_axis_angle_deg": -120.04415475122664,
    "center_x_px": 1443.710624044273,
    "center_y_px": 2110.5995485327317
  },
  "profile_analysis": {
    "fit_range_bins": 78,
    "background_median": 7.0,
    "peak_position_px": 1730.2775159443859,
    "peak_amplitude": 262.0
  },
  "width_measurements": {
    "FWHM_gaussian_px": 1590.2379881398479,
    "FWHM_lorentz_px": 2307.3306005765457,
    "FWHM_empirical_px": 1484.7270265126447,
    "FWHM_gaussian_deg": 29.577984846626688,
    "FWHM_lorentz_deg": 42.91570824555692,
    "FWHM_empirical_deg": 27.61551026896116,
    "FWHM_gaussian_arcmin": 1774.6790907976015,
    "FWHM_lorentz_arcmin": 2574.942494733416,
    "FWHM_empirical_arcmin": 1656.9306161376696
  }
}