threshold,N,D,xi_mean,xi_max
0.03,21146,1.7680754555167433,-0.24774033305844587,4.614298186670675
0.035555555555555556,18215,1.7374036333747653,-0.2973351984663845,3.9618921156823736
0.04111111111111111,16091,1.7092408420954082,-0.27337456711345115,4.667354269190759
0.04666666666666666,14511,1.685040774978305,-0.2434336584300162,4.891866479854749
0.052222222222222225,13224,1.662831607557372,-0.23676909672984187,5.043684967065898
0.057777777777777775,12178,1.641112976505267,-0.2962016509184676,4.277702130682871
0.06333333333333332,11282,1.6210407872060972,-0.2711353427791407,4.257375449717385
0.06888888888888889,10423,1.599496796518582,-0.25993603015129113,5.004180005189472
0.07444444444444445,9722,1.5798334823835747,-0.26974931398837176,4.47178173990136
0.08,9079,1.5599047536089343,-0.27479020276863075,4.461216459399525
