{
  "photometry_summary": {
    "total_measured": 13730,
    "magnitude_range": [
      -9.365806912724882,
      -3.3055482368347984
    ],
    "magnitude_quantiles": [
      -7.458689705239069,
      -6.89159027061462
    ],
    "layer_counts": {
      "Bright": 4577,
      "Mid": 4577,
      "Faint": 4576
    }
  },
  "correlation_by_magnitude": {
    "Bright": {
      "N": 4577,
      "r_centers": [
        28.88095238095238,
        76.64285714285714,
        124.4047619047619,
        172.16666666666666,
        219.92857142857142,
        267.69047619047615,
        315.45238095238096,
        363.21428571428567,
        410.9761904761905,
        458.7380952380952,
        506.49999999999994,
        554.2619047619047,
        602.0238095238095,
        649.7857142857142,
        697.547619047619,
        745.3095238095237,
        793.0714285714286,
        840.8333333333333,
        888.5952380952381,
        936.3571428571428,
        984.1190476190476
      ],
      "xi_mean": [
        0.4794964380306159,
        0.39828321128555183,
        0.39618728176497725,
        0.40296764012453873,
        0.3947599225629401,
        0.409936617396534,
        0.4016105654246214,
        0.41089742860887357,
        0.4185447617836316,
        0.4189500630300176,
        0.41886630233695726,
        0.4234408965470731,
        0.4103606053310909,
        0.41512152071240993,
        0.4081082091461184,
        0.40066918697975085,
        0.3993072173958542,
        0.38921324092308746,
        0.38087628701234716,
        0.3726497209153088,
        0.3582565508929024
      ],
      "xi_std": [
        0.04230794948891015,
        0.028684041921540813,
        0.02969894183882026,
        0.02899984230785096,
        0.027772433972539187,
        0.024599784807106687,
        0.02551748946220898,
        0.027327330236594807,
        0.027221816935378357,
        0.028403052250653107,
        0.028428530545279267,
        0.02685149118481736,
        0.027038077532610037,
        0.026343161475947324,
        0.027876150904610934,
        0.026425364103869954,
        0.025823707146394842,
        0.025606094177066826,
        0.027181609776279543,
        0.026880511280247734,
        0.02702357708908861
      ],
      "overall_xi_mean": 0.4051668413431049
    },
    "Mid": {
      "N": 4577,
      "r_centers": [
        28.88095238095238,
        76.64285714285714,
        124.4047619047619,
        172.16666666666666,
        219.92857142857142,
        267.69047619047615,
        315.45238095238096,
        363.21428571428567,
        410.9761904761905,
        458.7380952380952,
        506.49999999999994,
        554.2619047619047,
        602.0238095238095,
        649.7857142857142,
        697.547619047619,
        745.3095238095237,
        793.0714285714286,
        840.8333333333333,
        888.5952380952381,
        936.3571428571428,
        984.1190476190476
      ],
      "xi_mean": [
        0.5688638166213995,
        0.5253622492121144,
        0.5360969363046452,
        0.5474533788204288,
        0.544078552755407,
        0.5534970988252731,
        0.5552338156770182,
        0.5620066064636025,
        0.5613942499555015,
        0.5644778418420292,
        0.565990247805845,
        0.5584841986102623,
        0.5590075627034771,
        0.5455255501519788,
        0.5464290110051707,
        0.5281752046985515,
        0.5196063209249352,
        0.5072578530233315,
        0.495620601739775,
        0.4765183664961057,
        0.4563994784831579
      ],
      "xi_std": [
        0.04361035265554122,
        0.03730447116022524,
        0.0338188552065655,
        0.03105613964232925,
        0.027655358349866987,
        0.030993596589423786,
        0.028207178117306747,
        0.031227152356592378,
        0.028325193506803476,
        0.028717906390297896,
        0.02704276229946075,
        0.028945001913425885,
        0.029814473354713284,
        0.029852577068987588,
        0.027962274271812824,
        0.029269344343557324,
        0.028005193170134567,
        0.028267453331599274,
        0.02733712624855494,
        0.025442736461125406,
        0.023452050859162202
      ],
      "overall_xi_mean": 0.5370228067676196
    },
    "Faint": {
      "N": 4576,
      "r_centers": [
        28.88095238095238,
        76.64285714285714,
        124.4047619047619,
        172.16666666666666,
        219.92857142857142,
        267.69047619047615,
        315.45238095238096,
        363.21428571428567,
        410.9761904761905,
        458.7380952380952,
        506.49999999999994,
        554.2619047619047,
        602.0238095238095,
        649.7857142857142,
        697.547619047619,
        745.3095238095237,
        793.0714285714286,
        840.8333333333333,
        888.5952380952381,
        936.3571428571428,
        984.1190476190476
      ],
      "xi_mean": [
        0.5940098005300656,
        0.5428472692474182,
        0.5273960373704988,
        0.5056264321147306,
        0.5127838461703419,
        0.5093556491676793,
        0.49882886282301425,
        0.5023702341899303,
        0.4901133593349682,
        0.49037589728250497,
        0.4991269311592288,
        0.4846163050377807,
        0.4859000705388815,
        0.48399133550428564,
        0.47456652191009424,
        0.46610825937402445,
        0.45391666123767466,
        0.43596628294189727,
        0.4266116923489115,
        0.41704791758880577,
        0.3976816483685271
      ],
      "xi_std": [
        0.05280097024758676,
        0.03856031651321349,
        0.033504273736239654,
        0.0306625680523747,
        0.02966654807599281,
        0.02895502783195069,
        0.03162952384034768,
        0.02693882473787013,
        0.02805258959717044,
        0.02842178798626639,
        0.027227520987897495,
        0.025947652329400026,
        0.026083453525317254,
        0.025449117142090815,
        0.024828782534740766,
        0.024756353583388235,
        0.02525215113493824,
        0.022819175057514497,
        0.02205226829081638,
        0.021860424114222735,
        0.022060090715892045
      ],
      "overall_xi_mean": 0.4856781435352983
    }
  }
}