{
  "image": "IMG_5991.jpg",
  "width_px": 3024,
  "height_px": 4032,
  "num_stars_detected": 13733,
  "mean_radius_px": 1.6862037692883103,
  "std_radius_px": 0.4821724278882462
}