{
  "image_info": {
    "filename": "IMG_5991.jpg",
    "width_px": 3024,
    "height_px": 4032,
    "total_stars": 13733,
    "plate_scale_arcsec_per_px": 66.959
  },
  "nearest_neighbor": {
    "mean": 12.564186673782466,
    "std": 8.517642162491875,
    "median": 9.055385138137417,
    "min": 2.23606797749979,
    "max": 92.00543462209176
  },
  "fractal_dimension": 1.6723916684578197,
  "two_point_correlation": {
    "r_centers": [
      28.88095238095238,
      76.64285714285714,
      124.4047619047619,
      172.16666666666666,
      219.92857142857142,
      267.69047619047615,
      315.45238095238096,
      363.21428571428567,
      410.9761904761905,
      458.7380952380952,
      506.49999999999994,
      554.2619047619047,
      602.0238095238095,
      649.7857142857142,
      697.547619047619,
      745.3095238095237,
      793.0714285714286,
      840.8333333333333,
      888.5952380952381,
      936.3571428571428,
      984.1190476190476
    ],
    "xi_values": [
      4.825374116696463,
      1.3243651352686947,
      0.3826116850403858,
      -0.1353941519182852,
      -0.3156504548084944,
      -0.40396598987660237,
      -0.49276967297427476,
      -0.5801248176494841,
      -0.5994240893609446,
      -0.6524887612069301,
      -0.6966915987423712,
      -0.7235284414476835,
      -0.7234090163818249,
      -0.7471288261510327,
      -0.7860917470516823,
      -0.7718042291163222,
      -0.8081888678954758,
      -0.7902458990864095,
      -0.8229559536935129,
      -0.835659831888957,
      -0.8237514514228137
    ],
    "xi_mean": -0.24652013636512174,
    "xi_max": 4.825374116696463,
    "clustering_scale_px": 28.88095238095238
  }
}