{
  "nearest_neighbor_distribution": {
    "count": 13733,
    "mean": 12.564186673782466,
    "std": 8.517642162491875,
    "median": 9.055385138137417,
    "q25": 7.0710678118654755,
    "q75": 15.524174696260024,
    "min": 2.23606797749979,
    "max": 92.00543462209176
  },
  "fractal_analysis": {
    "dimension": 1.567121225199778,
    "fit_r_squared": 0.978357200112047,
    "scale_range": [
      0.0031622776601683794,
      0.31622776601683794
    ],
    "box_counts": [
      16,
      25,
      49,
      81,
      144,
      289,
      527,
      1010,
      1829,
      3265,
      5136,
      7339,
      9420,
      11072,
      12527
    ]
  },
  "correlation_function": {
    "r_centers": [
      17.948275862068968,
      43.8448275862069,
      69.74137931034483,
      95.63793103448276,
      121.5344827586207,
      147.4310344827586,
      173.32758620689657,
      199.22413793103448,
      225.12068965517244,
      251.01724137931035,
      276.91379310344826,
      302.8103448275862,
      328.7068965517242,
      354.6034482758621,
      380.5,
      406.39655172413796,
      432.2931034482759,
      458.18965517241384,
      484.08620689655174,
      509.98275862068965,
      535.8793103448277,
      561.7758620689656,
      587.6724137931035,
      613.5689655172414,
      639.4655172413793,
      665.3620689655172,
      691.2586206896552,
      717.1551724137931,
      743.051724137931
    ],
    "xi_values": [
      0.6666666666657677,
      0.45233399079521086,
      0.45147912634760123,
      0.47478014757894726,
      0.4630303030301848,
      0.4395050104242759,
      0.46704704238463735,
      0.4471816707217433,
      0.42997066125021743,
      0.4389129192850143,
      0.43364485981303047,
      0.46030364231487364,
      0.4561380909441757,
      0.45201815285662716,
      0.45067891373797786,
      0.47072808320947,
      0.4637555032251086,
      0.44887272727269223,
      0.468633818061992,
      0.4795780666636347,
      0.4520441607727823,
      0.43405868776785717,
      0.45656521217451007,
      0.4496565947428557,
      0.4465003112091619,
      0.44804194778524775,
      0.43961507618281326,
      0.4460700741101311,
      0.43755825580013497
    ],
    "correlation_length_px": 6731.97421151194
  },
  "clustering_evaluation": {
    "nnd_ratio": 0.8433268562419413,
    "fractal_dimension": 1.567121225199778,
    "fractal_fit_quality": 0.978357200112047,
    "mean_correlation": 0.45949550748719564,
    "max_correlation": 0.6666666666657677,
    "correlation_length_px": 6731.97421151194
  }
}